<?xml version="1.0" encoding="UTF-8"?>
<odoo>
   <data>       
         <record id="module_category_medical_contracts_module" model="ir.module.category">
            <field name="name">Medical Contracts</field>
            <field name="sequence">31</field>
        </record>

        <!-- Groups Access right-->
        <record id="group_medical_contrct_user" model="res.groups">
            <field name="name">User</field>
            <field name="category_id" ref="module_category_medical_contracts_module"/>
            <field name="implied_ids" eval="[(4, ref('base.group_user'))]"/>
        </record>

        <record id="group_medical_contrct_manager" model="res.groups">
            <field name="name">Manager</field>
            <field name="category_id" ref="module_category_medical_contracts_module"/>
            <field name="implied_ids" eval="[(4, ref('base.group_user'))]"/>
        </record>

        
        <record id="module_category_training_contracts_module" model="ir.module.category">
            <field name="name">Training Contracts</field>
            <field name="sequence">32</field>
        </record>

        <!-- Groups Access right-->
        <record id="group_training_contrct_user" model="res.groups">
            <field name="name">User</field>
            <field name="category_id" ref="module_category_training_contracts_module"/>
            <field name="implied_ids" eval="[(4, ref('base.group_user'))]"/>
        </record>

        <record id="group_training_contrct_manager" model="res.groups">
            <field name="name">Manager</field>
            <field name="category_id" ref="module_category_training_contracts_module"/>
            <field name="implied_ids" eval="[(4, ref('base.group_user'))]"/>
        </record>

        <record id="module_category_research_contracts_module" model="ir.module.category">
            <field name="name">Research Contracts</field>
            <field name="sequence">33</field>
        </record>

        <!-- Groups Access right-->
        <record id="group_research_contrct_user" model="res.groups">
            <field name="name">User</field>
            <field name="category_id" ref="module_category_research_contracts_module"/>
            <field name="implied_ids" eval="[(4, ref('base.group_user'))]"/>
        </record>

        <record id="group_research_contrct_manager" model="res.groups">
            <field name="name">Manager</field>
            <field name="category_id" ref="module_category_research_contracts_module"/>
            <field name="implied_ids" eval="[(4, ref('base.group_user'))]"/>
        </record>
        
        <record id="module_category_services_contracts_module" model="ir.module.category">
            <field name="name">Services Contracts</field>
            <field name="sequence">34</field>
        </record>

         <!-- Groups Access right-->
        <record id="group_services_contracts_user" model="res.groups">
            <field name="name">user</field>
            <field name="category_id" ref="module_category_services_contracts_module"/>
            <field name="implied_ids" eval="[(4, ref('base.group_user'))]"/>
        </record>

        <record id="group_services_contracts_manager" model="res.groups">
            <field name="name">Managar</field>
            <field name="category_id" ref="module_category_services_contracts_module"/>
            <field name="implied_ids" eval="[(4, ref('base.group_user'))]"/>
        </record>

        <record id="module_category_goods_contracts_module" model="ir.module.category">
            <field name="name">Goods Contracts</field>
            <field name="sequence">35</field>
        </record>

        <!-- Groups Access right-->
        <record id="group_goods_contract_user" model="res.groups">
            <field name="name">User</field>
            <field name="category_id" ref="module_category_goods_contracts_module"/>
            <field name="implied_ids" eval="[(4, ref('base.group_user'))]"/>
        </record>

        <record id="group_goods_contract_manager" model="res.groups">
            <field name="name">Manager</field>
            <field name="category_id" ref="module_category_goods_contracts_module"/>
            <field name="implied_ids" eval="[(4, ref('base.group_user'))]"/>
        </record>


        <record id="module_category_contracts_module_user" model="ir.module.category">
            <field name="name">Contract user</field>
            <field name="sequence">36</field>
        </record>
        

    
        <record id="group_draft" model="res.groups">
            <field name="name">Draft Contracts</field>
            <field name="category_id" ref="module_category_contracts_module_user"/>
            <field name="implied_ids" eval="[(4, ref('base.group_user'))]"/>
        </record>

        <record id="group_submit" model="res.groups">
            <field name="name">Submit Contracts</field>
            <field name="category_id" ref="module_category_contracts_module_user"/>
            <field name="implied_ids" eval="[(4, ref('base.group_user'))]"/>
        </record>

        <record id="group_legal" model="res.groups">
            <field name="name">Legal consultant</field>
            <field name="category_id" ref="module_category_contracts_module_user"/>
            <field name="implied_ids" eval="[(4, ref('base.group_user'))]"/>
        </record>

        <record id="group_gm" model="res.groups">
            <field name="name">General Manager</field>
            <field name="category_id" ref="module_category_contracts_module_user"/>
            <field name="implied_ids" eval="[(4, ref('base.group_user'))]"/>
        </record>

        <record id="group_signatory_authorized" model="res.groups">
            <field name="name">NHIF Signatory Authorized</field>
            <field name="category_id" ref="module_category_contracts_module_user"/>
            <field name="implied_ids" eval="[(4, ref('base.group_user'))]"/>
        </record>

        <record id="group_contract_user" model="res.groups">
            <field name="name">Contract User</field>
            <field name="category_id" ref="module_category_contracts_module_user"/>
            <field name="implied_ids" eval="[(4, ref('base.group_user'))]"/>
        </record>
        
        <record id="group_contract_terminator" model="res.groups">
            <field name="name">Contract Termination Requester</field>
            <field name="category_id" ref="module_category_contracts_module_user"/>
            <field name="implied_ids" eval="[(4, ref('base.group_user'))]"/>
        </record>

        <record id="group_contract_headOfResearchDepartment" model="res.groups">
            <field name="name">Head of Research Department</field>
            <field name="category_id" ref="module_category_contracts_module_user"/>
            <field name="implied_ids" eval="[(4, ref('base.group_user'))]"/>
        </record>


        <record id="group_contract_headOfCommitte" model="res.groups">
            <field name="name">Head of Committe</field>
            <field name="category_id" ref="module_category_contracts_module_user"/>
            <field name="implied_ids" eval="[(4, ref('base.group_user'))]"/>
        </record>

        <record id="group_contract_extender" model="res.groups">
            <field name="name">Contract Extension</field>
            <field name="category_id" ref="module_category_contracts_module_user"/>
            <field name="implied_ids" eval="[(4, ref('base.group_user'))]"/>
        </record>

        <record id="group_contract_medical_service_price_list_updater" model="res.groups">
            <field name="name">Medical Services Price List updater</field>
            <field name="category_id" ref="module_category_contracts_module_user"/>
            <field name="implied_ids" eval="[(4, ref('base.group_user'))]"/>
        </record>

        <record id="group_contract_contract_template_uploader" model="res.groups">
            <field name="name">Contract Template Uploader</field>
            <field name="category_id" ref="module_category_contracts_module_user"/>
            <field name="implied_ids" eval="[(4, ref('base.group_user'))]"/>
        </record>

        <record id="group_contract_claim_submiter" model="res.groups">
            <field name="name">Financial Claim</field>
            <field name="category_id" ref="module_category_contracts_module_user"/>
            <field name="implied_ids" eval="[(4, ref('base.group_user'))]"/>
        </record>

    </data>
</odoo>

                        
