<?xml version="1.0" encoding="utf-8"?>
<odoo>
    <data noupdate="1">

        <!-- Contract Types -->
       <!--  <record id="kamil_contracts_medical_type" model="kamil.contracts.medical.type">
            <field name="name_type">Type</field>
            <field name="sequence">5</field>
        </record>

        <record id="kamil_contracts_medical_type_wrkr" model="kamil.contracts.medical.type">
            <field name="name_type">Worker</field>
            <field name="sequence">10</field>
        </record>

        <record id="kamil_contracts_medical_type_sub" 
            model="kamil.contracts.medical.type">
            <field name="name_type">Subcontractor</field>
            <field name="sequence">15</field>
        </record>
 -->
        <!-- Contract-related subtypes for messaging / Chatter -->
        <record id="mt_contract_pending" model="mail.message.subtype">
            <field name="name">To Renew</field>
            <field name="res_model">kamil.contracts.medical</field>
            <field name="default" eval="True"/>
            <field name="description">Contract about to expire</field>
        </record>
        <record id="mt_contract_close" model="mail.message.subtype">
            <field name="name">Expired</field>
            <field name="res_model">kamil.contracts.medical</field>
            <field name="default" eval="False"/>
            <field name="description">Contract expired</field>
        </record>
        <!-- Department-related (parent) subtypes for messaging / Chatter -->
        <!-- <record id="mt_department_contract_pending" model="mail.message.subtype">
            <field name="name">Contract to Renew</field>
            <field name="res_model">kamil.contracts.medical</field>
            <field name="default" eval="False"/>
            <field name="parent_id" eval="ref('mt_contract_pending')"/>
            <field name="relation_field">contract_id</field>
            <field name="description">Contract about to expire</field>
        </record> -->

        <!-- Expired Soon -->
        <!-- <record id="ir_cron_data_contract_update_states" model="ir.cron">
            <field name="name">Medical Contract: update states</field>
            <field name="model_id" ref="model_kamil_contracts_medical"/>
            <field name="type">ir.actions.server</field>
            <field name="state">code</field>
            <field name="code">model.update_state()</field>
            <field name="interval_number">1</field>
            <field name="interval_type">days</field>
            <field name="numbercall">-1</field>
        </record> -->
    </data>
</odoo>
