<odoo>
  <data>
<record id="sequence_ext_service" model="ir.sequence">
   <field name="name">Contract Ext</field>
   <field name="code">kamil.contracts.extension.req</field>
   <field name="active">TRUE</field>
   <field name="prefix">Ext-%(year)s-%(month)s-</field>
   <field name="padding">6</field>
   <field name="number_next">1</field>
   <field name="number_increment">1</field>
</record>

<record id="sequence_contract_claim_amount" model="ir.sequence">
   <field name="name">Contract Claim Amount</field>
   <field name="code">kamil.contracts.claim.req</field>
   <field name="active">TRUE</field>
   <field name="prefix">Claim-%(year)s-%(month)s-</field>
   <field name="padding">6</field>
   <field name="number_next">1</field>
   <field name="number_increment">1</field>
</record>



</data>
</odoo>