<odoo>
  <data >

  <!-- 	<record id="need_request_sequence2" model="ir.sequence">
	    <field name="name">need_request</field>
	    <field name="code">need.request</field>
	    <field name="prefix">Request / </field>
 	  	<field name="padding">3</field>
	   	<field name="company_id" eval="False"/>
	</record> -->

	 <record id="need_request_sequence2" model="ir.sequence">
	    <field name="name">need_request</field>
	    <field name="code">need.request</field>
	    <field name="prefix">NR</field>
	    <field name="padding">3</field>
	    <!-- <field name="company_id" eval="False"/> -->
	</record>

  </data>
</odoo>